CountyFIPS;County;StateFIPS;State
1001;Autauga;1;AL
1003;Baldwin;1;AL
1005;Barbour;1;AL
1007;Bibb;1;AL
1009;Blount;1;AL
1011;Bullock;1;AL
1013;Butler;1;AL
1015;Calhoun;1;AL
1017;Chambers;1;AL
1019;Cherokee;1;AL
1021;Chilton;1;AL
1023;Choctaw;1;AL
1025;Clarke;1;AL
1027;Clay;1;AL
1029;Cleburne;1;AL
1031;Coffee;1;AL
1033;Colbert;1;AL
1035;Conecuh;1;AL
1037;Coosa;1;AL
1039;Covington;1;AL
1041;Crenshaw;1;AL
1043;Cullman;1;AL
1045;Dale;1;AL
1047;Dallas;1;AL
1049;DeKalb;1;AL
1051;Elmore;1;AL
1053;Escambia;1;AL
1055;Etowah;1;AL
1057;Fayette;1;AL
1059;Franklin;1;AL
1061;Geneva;1;AL
1063;Greene;1;AL
1065;Hale;1;AL
1067;Henry;1;AL
1069;Houston;1;AL
1071;Jackson;1;AL
1073;Jefferson;1;AL
1075;Lamar;1;AL
1077;Lauderdale;1;AL
1079;Lawrence;1;AL
1081;Lee;1;AL
1083;Limestone;1;AL
1085;Lowndes;1;AL
1087;Macon;1;AL
1089;Madison;1;AL
1091;Marengo;1;AL
1093;Marion;1;AL
1095;Marshall;1;AL
1097;Mobile;1;AL
1099;Monroe;1;AL
1101;Montgomery;1;AL
1103;Morgan;1;AL
1105;Perry;1;AL
1107;Pickens;1;AL
1109;Pike;1;AL
1111;Randolph;1;AL
1113;Russell;1;AL
1115;St. Clair;1;AL
1117;Shelby;1;AL
1119;Sumter;1;AL
1121;Talladega;1;AL
1123;Tallapoosa;1;AL
1125;Tuscaloosa;1;AL
1127;Walker;1;AL
1129;Washington;1;AL
1131;Wilcox;1;AL
1133;Winston;1;AL
2013;Aleutians East Borough;2;AK
2016;Aleutians West Census Area;2;AK
2020;Anchorage Municipality;2;AK
2050;Bethel Census Area;2;AK
2060;Bristol Bay Borough;2;AK
2068;Denali Borough;2;AK
2070;Dillingham Census Area;2;AK
2090;Fairbanks North Star Borough;2;AK
2100;Haines Borough;2;AK
2105;Hoonah-Angoon Census Area;2;AK
2110;Juneau City and Borough;2;AK
2122;Kenai Peninsula Borough;2;AK
2130;Ketchikan Gateway Borough;2;AK
2150;Kodiak Island Borough;2;AK
2164;Lake and Peninsula Borough;2;AK
2170;Matanuska-Sustina Borough;2;AK
2180;Nome Census Area;2;AK
2185;North Slope Borough;2;AK
2188;Northwest Arctic Borough;2;AK
2195;Petersburg Census Area;2;AK
2198;Prince of Wales-Hyder Census Area;2;AK
2220;Sitka City and Borough;2;AK
2230;Skagway Municipality;2;AK
2240;Southeast Fairbanks Census Area;2;AK
2261;Valdez-Cordova Census Area;2;AK
2270;Wade Hampton Census Area;2;AK
2275;Wrangell City and Borough;2;AK
2282;Yakutat City and Borough;2;AK
2290;Yukon-Koyukuk Census Area;2;AK
4001;Apache;4;AZ
4003;Cochise;4;AZ
4005;Coconino;4;AZ
4007;Gila;4;AZ
4009;Graham;4;AZ
4011;Greenlee;4;AZ
4012;La Paz;4;AZ
4013;Maricopa;4;AZ
4015;Mohave;4;AZ
4017;Navajo;4;AZ
4019;Pima;4;AZ
4021;Pinal;4;AZ
4023;Santa Cruz;4;AZ
4025;Yavapai;4;AZ
4027;Yuma;4;AZ
5001;Arkansas;5;AR
5003;Ashley;5;AR
5005;Baxter;5;AR
5007;Benton;5;AR
5009;Boone;5;AR
5011;Bradley;5;AR
5013;Calhoun;5;AR
5015;Carroll;5;AR
5017;Chicot;5;AR
5019;Clark;5;AR
5021;Clay;5;AR
5023;Cleburne;5;AR
5025;Cleveland;5;AR
5027;Columbia;5;AR
5029;Conway;5;AR
5031;Craighead;5;AR
5033;Crawford;5;AR
5035;Crittenden;5;AR
5037;Cross;5;AR
5039;Dallas;5;AR
5041;Desha;5;AR
5043;Drew;5;AR
5045;Faulkner;5;AR
5047;Franklin;5;AR
5049;Fulton;5;AR
5051;Garland;5;AR
5053;Grant;5;AR
5055;Greene;5;AR
5057;Hempstead;5;AR
5059;Hot Spring;5;AR
5061;Howard;5;AR
5063;Independence;5;AR
5065;Izard;5;AR
5067;Jackson;5;AR
5069;Jefferson;5;AR
5071;Johnson;5;AR
5073;Lafayette;5;AR
5075;Lawrence;5;AR
5077;Lee;5;AR
5079;Lincoln;5;AR
5081;Little River;5;AR
5083;Logan;5;AR
5085;Lonoke;5;AR
5087;Madison;5;AR
5089;Marion;5;AR
5091;Miller;5;AR
5093;Mississippi;5;AR
5095;Monroe;5;AR
5097;Montgomery;5;AR
5099;Nevada;5;AR
5101;Newton;5;AR
5103;Ouachita;5;AR
5105;Perry;5;AR
5107;Phillips;5;AR
5109;Pike;5;AR
5111;Poinsett;5;AR
5113;Polk;5;AR
5115;Pope;5;AR
5117;Prairie;5;AR
5119;Pulaski;5;AR
5121;Randolph;5;AR
5123;St. Francis;5;AR
5125;Saline;5;AR
5127;Scott;5;AR
5129;Searcy;5;AR
5131;Sebastian;5;AR
5133;Sevier;5;AR
5135;Sharp;5;AR
5137;Stone;5;AR
5139;Union;5;AR
5141;Van Buren;5;AR
5143;Washington;5;AR
5145;White;5;AR
5147;Woodruff;5;AR
5149;Yell;5;AR
6001;Alameda;6;CA
6003;Alpine;6;CA
6005;Amador;6;CA
6007;Butte;6;CA
6009;Calaveras;6;CA
6011;Colusa;6;CA
6013;Contra Costa;6;CA
6015;Del Norte;6;CA
6017;El Dorado;6;CA
6019;Fresno;6;CA
6021;Glenn;6;CA
6023;Humboldt;6;CA
6025;Imperial;6;CA
6027;Inyo;6;CA
6029;Kern;6;CA
6031;Kings;6;CA
6033;Lake;6;CA
6035;Lassen;6;CA
6037;Los Angeles;6;CA
6039;Madera;6;CA
6041;Marin;6;CA
6043;Mariposa;6;CA
6045;Mendocino;6;CA
6047;Merced;6;CA
6049;Modoc;6;CA
6051;Mono;6;CA
6053;Monterey;6;CA
6055;Napa;6;CA
6057;Nevada;6;CA
6059;Orange;6;CA
6061;Placer;6;CA
6063;Plumas;6;CA
6065;Riverside;6;CA
6067;Sacramento;6;CA
6069;San Benito;6;CA
6071;San Bernardino;6;CA
6073;San Diego;6;CA
6075;San Francisco;6;CA
6077;San Joaquin;6;CA
6079;San Luis Obispo;6;CA
6081;San Mateo;6;CA
6083;Santa Barbara;6;CA
6085;Santa Clara;6;CA
6087;Santa Cruz;6;CA
6089;Shasta;6;CA
6091;Sierra;6;CA
6093;Siskiyou;6;CA
6095;Solano;6;CA
6097;Sonoma;6;CA
6099;Stanislaus;6;CA
6101;Sutter;6;CA
6103;Tehama;6;CA
6105;Trinity;6;CA
6107;Tulare;6;CA
6109;Tuolumne;6;CA
6111;Ventura;6;CA
6113;Yolo;6;CA
6115;Yuba;6;CA
8001;Adams;8;CO
8003;Alamosa;8;CO
8005;Arapahoe;8;CO
8007;Archuleta;8;CO
8009;Baca;8;CO
8011;Bent;8;CO
8013;Boulder;8;CO
8014;Broomfield;8;CO
8015;Chaffee;8;CO
8017;Cheyenne;8;CO
8019;Clear Creek;8;CO
8021;Conejos;8;CO
8023;Costilla;8;CO
8025;Crowley;8;CO
8027;Custer;8;CO
8029;Delta;8;CO
8031;Denver;8;CO
8033;Dolores;8;CO
8035;Douglas;8;CO
8037;Eagle;8;CO
8039;Elbert;8;CO
8041;El Paso;8;CO
8043;Fremont;8;CO
8045;Garfield;8;CO
8047;Gilpin;8;CO
8049;Grand;8;CO
8051;Gunnison;8;CO
8053;Hinsdale;8;CO
8055;Huerfano;8;CO
8057;Jackson;8;CO
8059;Jefferson;8;CO
8061;Kiowa;8;CO
8063;Kit Carson;8;CO
8065;Lake;8;CO
8067;La Plata;8;CO
8069;Larimer;8;CO
8071;Las Animas;8;CO
8073;Lincoln;8;CO
8075;Logan;8;CO
8077;Mesa;8;CO
8079;Mineral;8;CO
8081;Moffat;8;CO
8083;Montezuma;8;CO
8085;Montrose;8;CO
8087;Morgan;8;CO
8089;Otero;8;CO
8091;Ouray;8;CO
8093;Park;8;CO
8095;Phillips;8;CO
8097;Pitkin;8;CO
8099;Prowers;8;CO
8101;Pueblo;8;CO
8103;Rio Blanco;8;CO
8105;Rio Grande;8;CO
8107;Routt;8;CO
8109;Saguache;8;CO
8111;San Juan;8;CO
8113;San Miguel;8;CO
8115;Sedgwick;8;CO
8117;Summit;8;CO
8119;Teller;8;CO
8121;Washington;8;CO
8123;Weld;8;CO
8125;Yuma;8;CO
9001;Fairfield;9;CT
9003;Hartford;9;CT
9005;Litchfield;9;CT
9007;Middlesex;9;CT
9009;New Haven;9;CT
9011;New London;9;CT
9013;Tolland;9;CT
9015;Windham;9;CT
10001;Kent;10;DE
10003;New Castle;10;DE
10005;Sussex;10;DE
11001;District of Columbia;11;DC
12001;Alachua;12;FL
12003;Baker;12;FL
12005;Bay;12;FL
12007;Bradford;12;FL
12009;Brevard;12;FL
12011;Broward;12;FL
12013;Calhoun;12;FL
12015;Charlotte;12;FL
12017;Citrus;12;FL
12019;Clay;12;FL
12021;Collier;12;FL
12023;Columbia;12;FL
12027;DeSoto;12;FL
12029;Dixie;12;FL
12031;Duval;12;FL
12033;Escambia;12;FL
12035;Flagler;12;FL
12037;Franklin;12;FL
12039;Gadsden;12;FL
12041;Gilchrist;12;FL
12043;Glades;12;FL
12045;Gulf;12;FL
12047;Hamilton;12;FL
12049;Hardee;12;FL
12051;Hendry;12;FL
12053;Hernando;12;FL
12055;Highlands;12;FL
12057;Hillsborough;12;FL
12059;Holmes;12;FL
12061;Indian River;12;FL
12063;Jackson;12;FL
12065;Jefferson;12;FL
12067;Lafayette;12;FL
12069;Lake;12;FL
12071;Lee;12;FL
12073;Leon;12;FL
12075;Levy;12;FL
12077;Liberty;12;FL
12079;Madison;12;FL
12081;Manatee;12;FL
12083;Marion;12;FL
12085;Martin;12;FL
12086;Miami-Dade;12;FL
12087;Monroe;12;FL
12089;Nassau;12;FL
12091;Okaloosa;12;FL
12093;Okeechobee;12;FL
12095;Orange;12;FL
12097;Osceola;12;FL
12099;Palm Beach;12;FL
12101;Pasco;12;FL
12103;Pinellas;12;FL
12105;Polk;12;FL
12107;Putnam;12;FL
12109;St. Johns;12;FL
12111;St. Lucie;12;FL
12113;Santa Rosa;12;FL
12115;Sarasota;12;FL
12117;Seminole;12;FL
12119;Sumter;12;FL
12121;Suwannee;12;FL
12123;Taylor;12;FL
12125;Union;12;FL
12127;Volusia;12;FL
12129;Wakulla;12;FL
12131;Walton;12;FL
12133;Washington;12;FL
13001;Appling;13;GA
13003;Atkinson;13;GA
13005;Bacon;13;GA
13007;Baker;13;GA
13009;Baldwin;13;GA
13011;Banks;13;GA
13013;Barrow;13;GA
13015;Bartow;13;GA
13017;Ben Hill;13;GA
13019;Berrien;13;GA
13021;Bibb;13;GA
13023;Bleckley;13;GA
13025;Brantley;13;GA
13027;Brooks;13;GA
13029;Bryan;13;GA
13031;Bulloch;13;GA
13033;Burke;13;GA
13035;Butts;13;GA
13037;Calhoun;13;GA
13039;Camden;13;GA
13043;Candler;13;GA
13045;Carroll;13;GA
13047;Catcosa;13;GA
13049;Charlton;13;GA
13051;Chatham;13;GA
13053;Chattahoochee;13;GA
13055;Chattooga;13;GA
13057;Cherokee;13;GA
13059;Clarke;13;GA
13061;Clay;13;GA
13063;Clayton;13;GA
13065;Clinch;13;GA
13067;Cobb;13;GA
13069;Coffee;13;GA
13071;Colquitt;13;GA
13073;Columbia;13;GA
13075;Cook;13;GA
13077;Coweta;13;GA
13079;Crawford;13;GA
13081;Crisp;13;GA
13083;Dade;13;GA
13085;Dawson;13;GA
13087;Decatur;13;GA
13089;DeKalb;13;GA
13091;Dodge;13;GA
13093;Dooly;13;GA
13095;Dougherty;13;GA
13097;Douglas;13;GA
13099;Early;13;GA
13101;Echols;13;GA
13103;Effingham;13;GA
13105;Elbert;13;GA
13107;Emanuel;13;GA
13109;Evans;13;GA
13111;Fannin;13;GA
13113;Fayette;13;GA
13115;Floyd;13;GA
13117;Forsyth;13;GA
13119;Franklin;13;GA
13121;Fulton;13;GA
13123;Gilmer;13;GA
13125;Glascock;13;GA
13127;Glynn;13;GA
13129;Gordon;13;GA
13131;Grady;13;GA
13133;Greene;13;GA
13135;Gwinnett;13;GA
13137;Habersham;13;GA
13139;Hall;13;GA
13141;Hancock;13;GA
13143;Haralson;13;GA
13145;Harris;13;GA
13147;Hart;13;GA
13149;Heard;13;GA
13151;Henry;13;GA
13153;Houston;13;GA
13155;Irwin;13;GA
13157;Jackson;13;GA
13159;Jasper;13;GA
13161;Jeff Davis;13;GA
13163;Jefferson;13;GA
13165;Jenkins;13;GA
13167;Johnson;13;GA
13169;Jones;13;GA
13171;Lamar;13;GA
13173;Lanier;13;GA
13175;Laurens;13;GA
13177;Lee;13;GA
13179;Liberty;13;GA
13181;Lincoln;13;GA
13183;Long;13;GA
13185;Lowndes;13;GA
13187;Lumpkin;13;GA
13189;McDuffie;13;GA
13191;McIntosh;13;GA
13193;Macon;13;GA
13195;Madison;13;GA
13197;Marion;13;GA
13199;Meriwether;13;GA
13201;Miller;13;GA
13205;Mitchell;13;GA
13207;Monroe;13;GA
13209;Montgomery;13;GA
13211;Morgan;13;GA
13213;Murray;13;GA
13215;Muscogee;13;GA
13217;Newton;13;GA
13219;Oconee;13;GA
13221;Ogletthorpe;13;GA
13223;Paulding;13;GA
13225;Peach;13;GA
13227;Pickens;13;GA
13229;Pierce;13;GA
13231;Pike;13;GA
13233;Polk;13;GA
13235;Pulaski;13;GA
13237;Putnam;13;GA
13239;Quitman;13;GA
13241;Rabun;13;GA
13243;Randolph;13;GA
13245;Richmond;13;GA
13247;Rockdale;13;GA
13249;Schley;13;GA
13251;Screven;13;GA
13253;Seminole;13;GA
13255;Spalding;13;GA
13257;Stephens;13;GA
13259;Stewart;13;GA
13261;Sumter;13;GA
13263;Talbot;13;GA
13265;Tallaferro;13;GA
13267;Tatmall;13;GA
13269;Taylor;13;GA
13271;Telfair;13;GA
13273;Terrell;13;GA
13275;Thomas;13;GA
13277;Tift;13;GA
13279;Toombs;13;GA
13281;Towns;13;GA
13283;Treutlen;13;GA
13285;Troup;13;GA
13287;Turner;13;GA
13289;Twiggs;13;GA
13291;Union;13;GA
13293;Upson;13;GA
13295;Walker;13;GA
13297;Walton;13;GA
13299;Ware;13;GA
13301;Warren;13;GA
13303;Washington;13;GA
13305;Wayne;13;GA
13307;Webster;13;GA
13309;Wheeler;13;GA
13311;White;13;GA
13313;Whitfield;13;GA
13315;Wilcox;13;GA
13317;Wilkes;13;GA
13319;Wilkinson;13;GA
13321;Worth;13;GA
15001;Hawaii;15;HI
15003;Honolulu;15;HI
15005;Kalawao;15;HI
15007;Kauai;15;HI
15009;Maui;15;HI
16001;Ada;16;ID
16003;Adams;16;ID
16005;Bannock;16;ID
16007;Bear Lake;16;ID
16009;Benewah;16;ID
16011;Bingham;16;ID
16013;Blaine;16;ID
16015;Boise;16;ID
16017;Bonner;16;ID
16019;Bonneville;16;ID
16021;Boundary;16;ID
16023;Butte;16;ID
16025;Camas;16;ID
16027;Canyon;16;ID
16029;Caribou;16;ID
16031;Cassia;16;ID
16033;Clark;16;ID
16035;Clearwater;16;ID
16037;Custer;16;ID
16039;Elmore;16;ID
16041;Franklin;16;ID
16043;Fremont;16;ID
16045;Gem;16;ID
16047;Gooding;16;ID
16049;Idaho;16;ID
16051;Jefferson;16;ID
16053;Jerome;16;ID
16055;Kootenai;16;ID
16057;Latah;16;ID
16059;Lemhi;16;ID
16061;Lewis;16;ID
16063;Lincoln;16;ID
16065;Madison;16;ID
16067;Minidoka;16;ID
16069;Nez Perce;16;ID
16071;Oneida;16;ID
16073;Owyhee;16;ID
16075;Payette;16;ID
16077;Power;16;ID
16079;Shoshone;16;ID
16081;Teton;16;ID
16083;Twin Falls;16;ID
16085;Valley;16;ID
16087;Washington;16;ID
17001;Adams;17;IL
17003;Alexander;17;IL
17005;Bond;17;IL
17007;Boone;17;IL
17009;Brown;17;IL
17011;Bureau;17;IL
17013;Calhoun;17;IL
17015;Carroll;17;IL
17017;Cass;17;IL
17019;Champaign;17;IL
17021;Christian;17;IL
17023;Clark;17;IL
17025;Clay;17;IL
17027;Clinton;17;IL
17029;Coles;17;IL
17031;Cook;17;IL
17033;Crawford;17;IL
17035;Cumberland;17;IL
17037;DeKalb;17;IL
17039;De Witt;17;IL
17041;Douglas;17;IL
17043;DuPage;17;IL
17045;Edgar;17;IL
17047;Edwards;17;IL
17049;Effingham;17;IL
17051;Fayette;17;IL
17053;Ford;17;IL
17055;Franklin;17;IL
17057;Fulton;17;IL
17059;Gallatin;17;IL
17061;Greene;17;IL
17063;Grundy;17;IL
17065;Hamilton;17;IL
17067;Hancock;17;IL
17069;Hardin;17;IL
17071;Henderson;17;IL
17073;Henry;17;IL
17075;Iroquois;17;IL
17077;Jackson;17;IL
17079;Jasper;17;IL
17081;Jefferson;17;IL
17083;Jersey;17;IL
17085;Jo Daviess;17;IL
17087;Johnson;17;IL
17089;Kane;17;IL
17091;Kankakee;17;IL
17093;Kendall;17;IL
17095;Knox;17;IL
17097;Lake;17;IL
17099;LaSalle;17;IL
17101;Lawrence;17;IL
17103;Lee;17;IL
17105;Livingston;17;IL
17107;Logan;17;IL
17109;McDonough;17;IL
17111;McHenry;17;IL
17113;McLean;17;IL
17115;Macon;17;IL
17117;Macoupin;17;IL
17119;Madison;17;IL
17121;Marion;17;IL
17123;Marshall;17;IL
17125;Mason;17;IL
17127;Massac;17;IL
17129;Menard;17;IL
17131;Mercer;17;IL
17133;Monroe;17;IL
17135;Montgomery;17;IL
17137;Morgan;17;IL
17139;Moultrie;17;IL
17141;Ogle;17;IL
17143;Peoria;17;IL
17145;Perry;17;IL
17147;Platt;17;IL
17149;Pike;17;IL
17151;Pope;17;IL
17153;Pulaski;17;IL
17155;Putnam;17;IL
17157;Randolph;17;IL
17159;Richland;17;IL
17161;Rock Island;17;IL
17163;St. Clair;17;IL
17165;Saline;17;IL
17167;Sangamon;17;IL
17169;Schuyler;17;IL
17171;Scott;17;IL
17173;Shelby;17;IL
17175;Stark;17;IL
17177;Stephenson;17;IL
17179;Tazewell;17;IL
17181;Union;17;IL
17183;Vermilion;17;IL
17185;Wabash;17;IL
17187;Warren;17;IL
17189;Washington;17;IL
17191;Wayne;17;IL
17193;White;17;IL
17195;Whiteside;17;IL
17197;Will;17;IL
17199;Williamson;17;IL
17201;Winnebago;17;IL
17203;Woodford;17;IL
18001;Adams;18;IN
18003;Allen;18;IN
18005;Bartholomew;18;IN
18007;Benton;18;IN
18009;Blackford;18;IN
18011;Boone;18;IN
18013;Brown;18;IN
18015;Carroll;18;IN
18017;Cass;18;IN
18019;Clark;18;IN
18021;Clay;18;IN
18023;Clinton;18;IN
18025;Crawford;18;IN
18027;Davless;18;IN
18029;Dearborn;18;IN
18031;Decatur;18;IN
18033;DeKalb;18;IN
18035;Delaware;18;IN
18037;Dubois;18;IN
18039;Elkhart;18;IN
18041;Fayette;18;IN
18043;Floyd;18;IN
18045;Fountain;18;IN
18047;Franklin;18;IN
18049;Fulton;18;IN
18051;Gibson;18;IN
18053;Grant;18;IN
18055;Greene;18;IN
18057;Hamilton;18;IN
18059;Hancock;18;IN
18061;Harrison;18;IN
18063;Hendricks;18;IN
18065;Henry;18;IN
18067;Howard;18;IN
18069;Huntington;18;IN
18071;Jackson;18;IN
18073;Jasper;18;IN
18075;Jay;18;IN
18077;Jefferson;18;IN
18079;Jennings;18;IN
18081;Johnson;18;IN
18083;Knox;18;IN
18085;Kosciuszko;18;IN
18087;LaGrange;18;IN
18089;Lake;18;IN
18091;LaPorte;18;IN
18093;Lawrence;18;IN
18095;Madison;18;IN
18097;Marion;18;IN
18099;Marshall;18;IN
18101;Martin;18;IN
18103;Miami;18;IN
18105;Monroe;18;IN
18107;Montgomery;18;IN
18109;Morgan;18;IN
18111;Newton;18;IN
18113;Noble;18;IN
18115;Ohio;18;IN
18117;Orange;18;IN
18119;Owen;18;IN
18121;Parke;18;IN
18123;Perry;18;IN
18125;Pike;18;IN
18127;Porter;18;IN
18129;Posey;18;IN
18131;Pulaski;18;IN
18133;Putnam;18;IN
18135;Randolph;18;IN
18137;Ripley;18;IN
18139;Rush;18;IN
18141;St. Joseph;18;IN
18143;Scott;18;IN
18145;Shelby;18;IN
18147;Spencer;18;IN
18149;Starke;18;IN
18151;Steuben;18;IN
18153;Sullivan;18;IN
18155;Switzerland;18;IN
18157;Tippecanoe;18;IN
18159;Tipton;18;IN
18161;Union;18;IN
18163;Vanderburgh;18;IN
18165;Vermillion;18;IN
18167;Vigo;18;IN
18169;Wabash;18;IN
18171;Warren;18;IN
18173;Warrick;18;IN
18175;Washington;18;IN
18177;Wayne;18;IN
18179;Wells;18;IN
18181;White;18;IN
18183;Whitley;18;IN
19001;Adair;19;IA
19003;Adams;19;IA
19005;Allamakee;19;IA
19007;Appanoose;19;IA
19009;Audubon;19;IA
19011;Benton;19;IA
19013;Black Hawk;19;IA
19015;Boone;19;IA
19017;Bremer;19;IA
19019;Buchanan;19;IA
19021;Buena Vista;19;IA
19023;Butler;19;IA
19025;Calhoun;19;IA
19027;Carroll;19;IA
19029;Cass;19;IA
19031;Cedar;19;IA
19033;Cerro Gordo;19;IA
19035;Cherokee;19;IA
19037;Chickasaw;19;IA
19039;Clarke;19;IA
19041;Clay;19;IA
19043;Clayton;19;IA
19045;Clinton;19;IA
19047;Crawford;19;IA
19049;Dallas;19;IA
19051;Davis;19;IA
19053;Decatur;19;IA
19055;Delaware;19;IA
19057;Des Moines;19;IA
19059;Dickinson;19;IA
19061;Dubuque;19;IA
19063;Emmet;19;IA
19065;Fayette;19;IA
19067;Floyd;19;IA
19069;Franklin;19;IA
19071;Fremont;19;IA
19073;Greene;19;IA
19075;Grundy;19;IA
19077;Guthrie;19;IA
19079;Hamilton;19;IA
19081;Hancock;19;IA
19083;Hardin;19;IA
19085;Harrison;19;IA
19087;Henry;19;IA
19089;Howard;19;IA
19091;Humboldt;19;IA
19093;Ida;19;IA
19095;Iowa;19;IA
19097;Jackson;19;IA
19099;Jasper;19;IA
19101;Jefferson;19;IA
19103;Johnson;19;IA
19105;Jones;19;IA
19107;Keokuk;19;IA
19109;Kossuth;19;IA
19111;Lee;19;IA
19113;Linn;19;IA
19115;Louisa;19;IA
19117;Lucas;19;IA
19119;Lyon;19;IA
19121;Madison;19;IA
19123;Mahaska;19;IA
19125;Marion;19;IA
19127;Marshall;19;IA
19129;Mills;19;IA
19131;Mitchell;19;IA
19133;Monona;19;IA
19135;Monroe;19;IA
19137;Montgomery;19;IA
19139;Muscatine;19;IA
19141;O'Brien;19;IA
19143;Osceola;19;IA
19145;Page;19;IA
19147;Palo Alto;19;IA
19149;Plymouth;19;IA
19151;Pocahontas;19;IA
19153;Polk;19;IA
19155;Pottawattamie;19;IA
19157;Powershiek;19;IA
19159;Ringgold;19;IA
19161;Sac;19;IA
19163;Scott;19;IA
19165;Shelby;19;IA
19167;Sioux;19;IA
19169;Story;19;IA
19171;Tama;19;IA
19173;Taylor;19;IA
19175;Union;19;IA
19177;Van Buren;19;IA
19179;Wapello;19;IA
19181;Warren;19;IA
19183;Washington;19;IA
19185;Wayne;19;IA
19187;Webster;19;IA
19189;Winnebago;19;IA
19191;Winneshiek;19;IA
19193;Woodbury;19;IA
19195;Worth;19;IA
19197;Wright;19;IA
20001;Allen;20;KS
20003;Anderson;20;KS
20005;Atchison;20;KS
20007;Barber;20;KS
20009;Barton;20;KS
20011;Bourbon;20;KS
20013;Brown;20;KS
20015;Butler;20;KS
20017;Chase;20;KS
20019;Chautauqua;20;KS
20021;Cherokee;20;KS
20023;Cheyenne;20;KS
20025;Clark;20;KS
20027;Clay;20;KS
20029;Cloud;20;KS
20031;Coffey;20;KS
20033;Comanche;20;KS
20035;Cowley;20;KS
20037;Crawford;20;KS
20039;Decatur;20;KS
20041;Dickinson;20;KS
20043;Doniphan;20;KS
20045;Douglas;20;KS
20047;Edwards;20;KS
20049;Elk;20;KS
20051;Ellis;20;KS
20053;Ellsworth;20;KS
20055;Finney;20;KS
20057;Ford;20;KS
20059;Franklin;20;KS
20061;Geary;20;KS
20063;Gove;20;KS
20065;Graham;20;KS
20067;Grant;20;KS
20069;Gray;20;KS
20071;Greeley;20;KS
20073;Greenwood;20;KS
20075;Hamilton;20;KS
20077;Harper;20;KS
20079;Harvey;20;KS
20081;Haskell;20;KS
20083;Hodgeman;20;KS
20085;Jackson;20;KS
20087;Jefferson;20;KS
20089;Jewell;20;KS
20091;Johnson;20;KS
20093;Kearny;20;KS
20095;Kingman;20;KS
20097;Kiowa;20;KS
20099;Labette;20;KS
20101;Lane;20;KS
20103;Leavenworth;20;KS
20105;Lincoln;20;KS
20107;Linn;20;KS
20109;Logan;20;KS
20111;Lyon;20;KS
20113;McPherson;20;KS
20115;Marion;20;KS
20117;Marshall;20;KS
20119;Meade;20;KS
20121;Miami;20;KS
20123;Mitchell;20;KS
20125;Montgomery;20;KS
20127;Morris;20;KS
20129;Morton;20;KS
20131;Nemaha;20;KS
20133;Neosho;20;KS
20135;Ness;20;KS
20137;Norton;20;KS
20139;Osage;20;KS
20141;Osborne;20;KS
20143;Ottawa;20;KS
20145;Pawnee;20;KS
20147;Phillips;20;KS
20149;Pottawatomie;20;KS
20151;Pratt;20;KS
20153;Rawlins;20;KS
20155;Reno;20;KS
20157;Republic;20;KS
20159;Rice;20;KS
20161;Riley;20;KS
20163;Rooks;20;KS
20165;Rush;20;KS
20167;Russell;20;KS
20169;Saline;20;KS
20171;Scott;20;KS
20173;Sedgwick;20;KS
20175;Seward;20;KS
20177;Shawnee;20;KS
20179;Sheridan;20;KS
20181;Sherman;20;KS
20183;Smith;20;KS
20185;Stafford;20;KS
20187;Stanton;20;KS
20189;Stevens;20;KS
20191;Sumner;20;KS
20193;Thomas;20;KS
20195;Trego;20;KS
20197;Wabaunsee;20;KS
20199;Wallace;20;KS
20201;Washington;20;KS
20203;Wichita;20;KS
20205;Wilson;20;KS
20207;Woodson;20;KS
20209;Wyandotte;20;KS
21001;Adair;21;KY
21003;Allen;21;KY
21005;Anderson;21;KY
21007;Ballard;21;KY
21009;Barren;21;KY
21011;Bath;21;KY
21013;Bell;21;KY
21015;Boone;21;KY
21017;Bourbon;21;KY
21019;Boyd;21;KY
21021;Boyle;21;KY
21023;Bracken;21;KY
21025;Breathitt;21;KY
21027;Breckinridge;21;KY
21029;Bullitt;21;KY
21031;Butler;21;KY
21033;Caldwell;21;KY
21035;Calloway;21;KY
21037;Campbell;21;KY
21039;Carlisle;21;KY
21041;Carroll;21;KY
21043;Carter;21;KY
21045;Casey;21;KY
21047;Christian;21;KY
21049;Clark;21;KY
21051;Clay;21;KY
21053;Clinton;21;KY
21055;Crittenden;21;KY
21057;Cumberland;21;KY
21059;Davless;21;KY
21061;Edmonson;21;KY
21063;Elliott;21;KY
21065;Estill;21;KY
21067;Fayette;21;KY
21069;Fleming;21;KY
21071;Floyd;21;KY
21073;Franklin;21;KY
21075;Fulton;21;KY
21077;Gallatin;21;KY
21079;Garrard;21;KY
21081;Grant;21;KY
21083;Graves;21;KY
21085;Grayson;21;KY
21087;Green;21;KY
21089;Greenup;21;KY
21091;Hancock;21;KY
21093;Hardin;21;KY
21095;Harlan;21;KY
21097;Harrison;21;KY
21099;Hart;21;KY
21101;Henderson;21;KY
21103;Henry;21;KY
21105;Hickman;21;KY
21107;Hopkins;21;KY
21109;Jackson;21;KY
21111;Jefferson;21;KY
21113;Jessamine;21;KY
21115;Johnson;21;KY
21117;Kenton;21;KY
21119;Knott;21;KY
21121;Knox;21;KY
21123;Larue;21;KY
21125;Laurel;21;KY
21127;Lawrence;21;KY
21129;Lee;21;KY
21131;Leslie;21;KY
21133;Letcher;21;KY
21135;Lewis;21;KY
21137;Lincoln;21;KY
21139;Livingston;21;KY
21141;Logan;21;KY
21143;Lyon;21;KY
21145;McCracken;21;KY
21147;McCreary;21;KY
21149;McLean;21;KY
21151;Madison;21;KY
21153;Magoffin;21;KY
21155;Marion;21;KY
21157;Marshall;21;KY
21159;Martin;21;KY
21161;Mason;21;KY
21163;Meade;21;KY
21165;Menifee;21;KY
21167;Mercer;21;KY
21169;Metcalfe;21;KY
21171;Monroe;21;KY
21173;Montgomery;21;KY
21175;Morgan;21;KY
21177;Muhlenberg;21;KY
21179;Nelson;21;KY
21181;Nicholas;21;KY
21183;Ohio;21;KY
21185;Oldham;21;KY
21187;Owen;21;KY
21189;Owsley;21;KY
21191;Pendleton;21;KY
21193;Perry;21;KY
21195;Pike;21;KY
21197;Powell;21;KY
21199;Pulaski;21;KY
21201;Robertson;21;KY
21203;Rockcastle;21;KY
21205;Rowan;21;KY
21207;Russell;21;KY
21209;Scott;21;KY
21211;Shelby;21;KY
21213;Simpson;21;KY
21215;Spencer;21;KY
21217;Taylor;21;KY
21219;Todd;21;KY
21221;Trigg;21;KY
21223;Trimble;21;KY
21225;Union;21;KY
21227;Warren;21;KY
21229;Washington;21;KY
21231;Wayne;21;KY
21233;Webster;21;KY
21235;Whitley;21;KY
21237;Wolfe;21;KY
21239;Woodford;21;KY
22001;Acadia Parish;22;LA
22003;Allen Parish;22;LA
22005;Ascension Parish;22;LA
22007;Assumption Parish;22;LA
22009;Avoyelles Parish;22;LA
22011;Beauregard Parish;22;LA
22013;Bienville Parish;22;LA
22015;Bossier Parish;22;LA
22017;Caddo Parish;22;LA
22019;Calcasieu Parish;22;LA
22021;Caldwell Parish;22;LA
22023;Cameron Parish;22;LA
22025;Catahoula Parish;22;LA
22027;Claiborne Parish;22;LA
22029;Concordia Parish;22;LA
22031;De Soto Parish;22;LA
22033;East Baton Rouge Parish;22;LA
22035;East Carroll Parish;22;LA
22037;East Feliciana Parish;22;LA
22039;Evangeline Parish;22;LA
22041;Franklin Parish;22;LA
22043;Grant Parish;22;LA
22045;Iberia Parish;22;LA
22047;Iberville Parish;22;LA
22049;Jackson Parish;22;LA
22051;Jefferson Parish;22;LA
22053;Jefferson Davis Parish;22;LA
22055;Lafayette Parish;22;LA
22057;Lafourche Parish;22;LA
22059;La Salle Parish;22;LA
22061;Lincoln Parish;22;LA
22063;Livingston Parish;22;LA
22065;Madison Parish;22;LA
22067;Morehouse Parish;22;LA
22069;Natchitoches Parish;22;LA
22071;Orleans Parish;22;LA
22073;Ouachita Parish;22;LA
22075;Plaquemines Parish;22;LA
22077;Pointe Coupee Parish;22;LA
22079;Rapides Parish;22;LA
22081;Red River Parish;22;LA
22083;Richland Parish;22;LA
22085;Sabine Parish;22;LA
22087;St. Bernard Parish;22;LA
22089;St. Charles Parish;22;LA
22091;St. Helena Parish;22;LA
22093;St. James Parish;22;LA
22095;St. John the Baptist Parish;22;LA
22097;St. Landry Parish;22;LA
22099;St. Martin Parish;22;LA
22101;St. Mary Parish;22;LA
22103;St. Tammany Parish;22;LA
22105;Tangipahoa Parish;22;LA
22107;Tensas Parish;22;LA
22109;Terrebonne Parish;22;LA
22111;Union Parish;22;LA
22113;Vermilion Parish;22;LA
22115;Vernon Parish;22;LA
22117;Washington Parish;22;LA
22119;Webster Parish;22;LA
22121;West Baton Rouge Parish;22;LA
22123;West Carroll Parish;22;LA
22125;West Feliciana Parish;22;LA
22127;Winn Parish;22;LA
23001;Androscoggin;23;ME
23003;Aroostook;23;ME
23005;Cumberland;23;ME
23007;Franklin;23;ME
23009;Hancock;23;ME
23011;Kennebec;23;ME
23013;Knox;23;ME
23015;Lincoln;23;ME
23017;Oxford;23;ME
23019;Penobscot;23;ME
23021;Piscataquis;23;ME
23023;Sagadahoc;23;ME
23025;Somerset;23;ME
23027;Waldo;23;ME
23029;Washington;23;ME
23031;York;23;ME
24001;Allegany;24;MD
24003;Anne Arundel;24;MD
24005;Baltimore;24;MD
24009;Calvert;24;MD
24011;Caroline;24;MD
24013;Carroll;24;MD
24015;Cecil;24;MD
24017;Charles;24;MD
24019;Dorchester;24;MD
24021;Frederick;24;MD
24023;Garrett;24;MD
24025;Harford;24;MD
24027;Howard;24;MD
24029;Kent;24;MD
24031;Montgomery;24;MD
24033;Prince George's;24;MD
24035;Queen Anne's;24;MD
24037;St. Mary's;24;MD
24039;Somerset;24;MD
24041;Talbot;24;MD
24043;Washington;24;MD
24045;Wicomico;24;MD
24047;Worcester;24;MD
24510;Baltimore city;24;MD
25001;Barnstable;25;MA
25003;Berkshire;25;MA
25005;Bristol;25;MA
25007;Dukes;25;MA
25009;Essex;25;MA
25011;Franklin;25;MA
25013;Hampden;25;MA
25015;Hampshire;25;MA
25017;Middlesex;25;MA
25019;Nantucket;25;MA
25021;Norfolk;25;MA
25023;Plymouth;25;MA
25025;Suffolk;25;MA
25027;Worcester;25;MA
26001;Alcona;26;MI
26003;Alger;26;MI
26005;Allegan;26;MI
26007;Alpena;26;MI
26009;Antrim;26;MI
26011;Arenac;26;MI
26013;Baraga;26;MI
26015;Barry;26;MI
26017;Bay;26;MI
26019;Benzie;26;MI
26021;Berrien;26;MI
26023;Branch;26;MI
26025;Calhoun;26;MI
26027;Cass;26;MI
26029;Charlevoix;26;MI
26031;Cheboygan;26;MI
26033;Chippewa;26;MI
26035;Clare;26;MI
26037;Clinton;26;MI
26039;Crawford;26;MI
26041;Delta;26;MI
26043;Dickinson;26;MI
26045;Eaton;26;MI
26047;Emmet;26;MI
26049;Genesee;26;MI
26051;Gladwin;26;MI
26053;Gogebic;26;MI
26055;Grand Traverse;26;MI
26057;Gratiot;26;MI
26059;Hillsdale;26;MI
26061;Houghton;26;MI
26063;Huron;26;MI
26065;Ingham;26;MI
26067;Ionia;26;MI
26069;Iosco;26;MI
26071;Iron;26;MI
26073;Isabella;26;MI
26075;Jackson;26;MI
26077;Kalamazoo;26;MI
26079;Kalkaska;26;MI
26081;Kent;26;MI
26083;Keweenaw;26;MI
26085;Lake;26;MI
26087;Lapeer;26;MI
26089;Leelanau;26;MI
26091;Lenawee;26;MI
26093;Livingston;26;MI
26095;Luce;26;MI
26097;Mackinac;26;MI
26099;Macomb;26;MI
26101;Manistee;26;MI
26103;Marquette;26;MI
26105;Mason;26;MI
26107;Mecosta;26;MI
26109;Menominee;26;MI
26111;Midland;26;MI
26113;Missaukee;26;MI
26115;Monroe;26;MI
26117;Montcalm;26;MI
26119;Montmorency;26;MI
26121;Muskegon;26;MI
26123;Newaygo;26;MI
26125;Oakland;26;MI
26127;Oceana;26;MI
26129;Ogemaw;26;MI
26131;Ontonagon;26;MI
26133;Osccola;26;MI
26135;Oscoda;26;MI
26137;Otsego;26;MI
26139;Ottawa;26;MI
26141;Presque Isle;26;MI
26143;Roscommon;26;MI
26145;Saginaw;26;MI
26147;St. Clair;26;MI
26149;St. Joseph;26;MI
26151;Sanilac;26;MI
26153;Schoolcraft;26;MI
26155;Shiawassee;26;MI
26157;Tuscola;26;MI
26159;Van Buren;26;MI
26161;Washtenaw;26;MI
26163;Wayne;26;MI
26165;Wexford;26;MI
27001;Aitkin;27;MN
27003;Anoka;27;MN
27005;Becker;27;MN
27007;Beltrami;27;MN
27009;Benton;27;MN
27011;Big Stone;27;MN
27013;Blue Earth;27;MN
27015;Brown;27;MN
27017;Carlton;27;MN
27019;Carver;27;MN
27021;Cass;27;MN
27023;Chippewa;27;MN
27025;Chisago;27;MN
27027;Clay;27;MN
27029;Clearwater;27;MN
27031;Cook;27;MN
27033;Cottonwood;27;MN
27035;Crow Wing;27;MN
27037;Dakota;27;MN
27039;Dodge;27;MN
27041;Douglas;27;MN
27043;Faribault;27;MN
27045;Fillmore;27;MN
27047;Freeborn;27;MN
27049;Goodhue;27;MN
27051;Grant;27;MN
27053;Hennepin;27;MN
27055;Houston;27;MN
27057;Hubbard;27;MN
27059;Isanti;27;MN
27061;Itasca;27;MN
27063;Jackson;27;MN
27065;Kanabec;27;MN
27067;Kandiyohi;27;MN
27069;Kittson;27;MN
27071;Koochiching;27;MN
27073;Lac qui Parle;27;MN
27075;Lake;27;MN
27077;Lake of the Woods;27;MN
27079;Le Sueur;27;MN
27081;Lincoln;27;MN
27083;Lyon;27;MN
27085;McLeod;27;MN
27087;Mahnomen;27;MN
27089;Marshall;27;MN
27091;Martin;27;MN
27093;Meeker;27;MN
27095;Mille Lacs;27;MN
27097;Morrison;27;MN
27099;Mower;27;MN
27101;Murray;27;MN
27103;Nicollet;27;MN
27105;Nobles;27;MN
27107;Norman;27;MN
27109;Olmsted;27;MN
27111;Otter Tail;27;MN
27113;Pennington;27;MN
27115;Pine;27;MN
27117;Pipestone;27;MN
27119;Polk;27;MN
27121;Pope;27;MN
27123;Ramsey;27;MN
27125;Red Lake;27;MN
27127;Redwood;27;MN
27129;Renville;27;MN
27131;Rice;27;MN
27133;Rock;27;MN
27135;Roseau;27;MN
27137;St. Louis;27;MN
27139;Scott;27;MN
27141;Sherburne;27;MN
27143;Sibley;27;MN
27145;Stearns;27;MN
27147;Steele;27;MN
27149;Stevens;27;MN
27151;Swift;27;MN
27153;Todd;27;MN
27155;Traverse;27;MN
27157;Wabasha;27;MN
27159;Wadena;27;MN
27161;Waseca;27;MN
27163;Washington;27;MN
27165;Watonwan;27;MN
27167;Wilkin;27;MN
27169;Winona;27;MN
27171;Wright;27;MN
27173;Yellow Medicine;27;MN
28001;Adams;28;MS
28003;Alcorn;28;MS
28005;Amite;28;MS
28007;Attala;28;MS
28009;Benton;28;MS
28011;Bolivar;28;MS
28013;Calhoun;28;MS
28015;Carroll;28;MS
28017;Chickasaw;28;MS
28019;Choctaw;28;MS
28021;Claiborne;28;MS
28023;Clarke;28;MS
28025;Clay;28;MS
28027;Coahoma;28;MS
28029;Copiah;28;MS
28031;Covington;28;MS
28033;DeSoto;28;MS
28035;Forrest;28;MS
28037;Franklin;28;MS
28039;George;28;MS
28041;Greene;28;MS
28043;Grenada;28;MS
28045;Hancock;28;MS
28047;Harrison;28;MS
28049;Hinds;28;MS
28051;Holmes;28;MS
28053;Humphreys;28;MS
28055;Issaquena;28;MS
28057;Itawamba;28;MS
28059;Jackson;28;MS
28061;Jasper;28;MS
28063;Jefferson;28;MS
28065;Jefferson Davis;28;MS
28067;Jones;28;MS
28069;Kemper;28;MS
28071;Lafayette;28;MS
28073;Lamar;28;MS
28075;Lauderdale;28;MS
28077;Lawrence;28;MS
28079;Leake;28;MS
28081;Lee;28;MS
28083;Leflore;28;MS
28085;Lincoln;28;MS
28087;Lowndes;28;MS
28089;Madison;28;MS
28091;Marion;28;MS
28093;Marshall;28;MS
28095;Monroe;28;MS
28097;Montgomery;28;MS
28099;Neshoba;28;MS
28101;Newton;28;MS
28103;Noxubee;28;MS
28105;Oktibbeha;28;MS
28107;Panola;28;MS
28109;Pearl River;28;MS
28111;Perry;28;MS
28113;Pike;28;MS
28115;Pontotoc;28;MS
28117;Prentiss;28;MS
28119;Quitman;28;MS
28121;Rankin;28;MS
28123;Scott;28;MS
28125;Sharkey;28;MS
28127;Simpson;28;MS
28129;Smith;28;MS
28131;Stone;28;MS
28133;Sunflower;28;MS
28135;Tallahatchie;28;MS
28137;Tate;28;MS
28139;Tippah;28;MS
28141;Tishomingo;28;MS
28143;Tunica;28;MS
28145;Union;28;MS
28147;Walthall;28;MS
28149;Warren;28;MS
28151;Washington;28;MS
28153;Wayne;28;MS
28155;Webster;28;MS
28157;Wilkinson;28;MS
28159;Winston;28;MS
28161;Yalobusha;28;MS
28163;Yazoo;28;MS
29001;Adair;29;MO
29003;Andrew;29;MO
29005;Atchison;29;MO
29007;Audrain;29;MO
29009;Barry;29;MO
29011;Barton;29;MO
29013;Bates;29;MO
29015;Benton;29;MO
29017;Bollinger;29;MO
29019;Boone;29;MO
29021;Buchanan;29;MO
29023;Butler;29;MO
29025;Caldwell;29;MO
29027;Callaway;29;MO
29029;Camden;29;MO
29031;Cape Girardeau;29;MO
29033;Carroll;29;MO
29035;Carter;29;MO
29037;Cass;29;MO
29039;Cedar;29;MO
29041;Charlton;29;MO
29043;Christian;29;MO
29045;Clark;29;MO
29047;Clay;29;MO
29049;Clinton;29;MO
29051;Cole;29;MO
29053;Cooper;29;MO
29055;Crawford;29;MO
29057;Dade;29;MO
29059;Dallas;29;MO
29061;Daviess;29;MO
29063;DeKalb;29;MO
29065;Dent;29;MO
29067;Douglas;29;MO
29069;Dunklin;29;MO
29071;Franklin;29;MO
29073;Gasconade;29;MO
29075;Gentry;29;MO
29077;Greene;29;MO
29079;Grundy;29;MO
29081;Harrison;29;MO
29083;Henry;29;MO
29085;Hickory;29;MO
29087;Holt;29;MO
29089;Howard;29;MO
29091;Howell;29;MO
29093;Iron;29;MO
29095;Jackson;29;MO
29097;Jasper;29;MO
29099;Jefferson;29;MO
29101;Johnson;29;MO
29103;Knox;29;MO
29105;Laclede;29;MO
29107;Lafayette;29;MO
29109;Lawrence;29;MO
29111;Lewis;29;MO
29113;Lincoln;29;MO
29115;Linn;29;MO
29117;Livingston;29;MO
29119;McDonald;29;MO
29121;Macon;29;MO
29123;Madison;29;MO
29125;Maries;29;MO
29127;Marion;29;MO
29129;Mercer;29;MO
29131;Miller;29;MO
29133;Mississippi;29;MO
29135;Moniteau;29;MO
29137;Monroe;29;MO
29139;Montgomery;29;MO
29141;Morgan;29;MO
29143;New Madrid;29;MO
29145;Newton;29;MO
29147;Nodaway;29;MO
29149;Oregon;29;MO
29151;Osage;29;MO
29153;Ozark;29;MO
29155;Pemiscot;29;MO
29157;Perry;29;MO
29159;Pettis;29;MO
29161;Phelps;29;MO
29163;Pike;29;MO
29165;Platte;29;MO
29167;Polk;29;MO
29169;Pulaski;29;MO
29171;Putnam;29;MO
29173;Ralls;29;MO
29175;Randolph;29;MO
29177;Ray;29;MO
29179;Reynolds;29;MO
29181;Ripley;29;MO
29183;St. Charles;29;MO
29185;St. Clair;29;MO
29186;Ste. Genevieve;29;MO
29187;St. Francois;29;MO
29189;St. Louis;29;MO
29195;Saline;29;MO
29197;Schuyler;29;MO
29199;Scotland;29;MO
29201;Scott;29;MO
29203;Shannon;29;MO
29205;Shelby;29;MO
29207;Stoddard;29;MO
29209;Stone;29;MO
29211;Sullivan;29;MO
29213;Taney;29;MO
29215;Texas;29;MO
29217;Vernon;29;MO
29219;Warren;29;MO
29221;Washington;29;MO
29223;Wayne;29;MO
29225;Webster;29;MO
29227;Worth;29;MO
29229;Wright;29;MO
29510;St. Louis city;29;MO
30001;Beaverhead;30;MT
30003;Big Horn;30;MT
30005;Blaine;30;MT
30007;Broadwater;30;MT
30009;Carbon;30;MT
30011;Carter;30;MT
30013;Cascade;30;MT
30015;Chouteau;30;MT
30017;Custer;30;MT
30019;Daniels;30;MT
30021;Dawson;30;MT
30023;Deer Lodge;30;MT
30025;Fallon;30;MT
30027;Fergus;30;MT
30029;Flathead;30;MT
30031;Gallatin;30;MT
30033;Garfield;30;MT
30035;Glacier;30;MT
30037;Golden Valley;30;MT
30039;Granite;30;MT
30041;Hill;30;MT
30043;Jefferson;30;MT
30045;Judith Basin;30;MT
30047;Lake;30;MT
30049;Lewis and Clark;30;MT
30051;Liberty;30;MT
30053;Lincoln;30;MT
30055;McCone;30;MT
30057;Madison;30;MT
30059;Meagher;30;MT
30061;Mineral;30;MT
30063;Missoula;30;MT
30065;Musselshell;30;MT
30067;Park;30;MT
30069;Petroleum;30;MT
30071;Phillips;30;MT
30073;Pondera;30;MT
30075;Powder River;30;MT
30077;Powell;30;MT
30079;Prairie;30;MT
30081;Ravalli;30;MT
30083;Richland;30;MT
30085;Roosevelt;30;MT
30087;Rosebud;30;MT
30089;Sanders;30;MT
30091;Sheridan;30;MT
30093;Silver Bow;30;MT
30095;Stillwater;30;MT
30097;Sweet Grass;30;MT
30099;Teton;30;MT
30101;Toole;30;MT
30103;Treasure;30;MT
30105;Valley;30;MT
30107;Wheatland;30;MT
30109;Wibaux;30;MT
30111;Yellowstone;30;MT
31001;Adams;31;NE
31003;Antelope;31;NE
31005;Arthur;31;NE
31007;Banner;31;NE
31009;Blaine;31;NE
31011;Boone;31;NE
31013;Box Butte;31;NE
31015;Boyd;31;NE
31017;Brown;31;NE
31019;Buffalo;31;NE
31021;Burt;31;NE
31023;Butler;31;NE
31025;Cass;31;NE
31027;Cedar;31;NE
31029;Chase;31;NE
31031;Cherry;31;NE
31033;Cheyenne;31;NE
31035;Clay;31;NE
31037;Colfax;31;NE
31039;Cuming;31;NE
31041;Custer;31;NE
31043;Dakota;31;NE
31045;Dawes;31;NE
31047;Dawson;31;NE
31049;Deuel;31;NE
31051;Dixon;31;NE
31053;Dodge;31;NE
31055;Douglas;31;NE
31057;Dundy;31;NE
31059;Fillmore;31;NE
31061;Franklin;31;NE
31063;Frontier;31;NE
31065;Furnas;31;NE
31067;Gage;31;NE
31069;Garden;31;NE
31071;Garfield;31;NE
31073;Gosper;31;NE
31075;Grant;31;NE
31077;Greeley;31;NE
31079;Hall;31;NE
31081;Hamilton;31;NE
31083;Harlan;31;NE
31085;Hayes;31;NE
31087;Hitchcock;31;NE
31089;Holt;31;NE
31091;Hooker;31;NE
31093;Howard;31;NE
31095;Jefferson;31;NE
31097;Johnson;31;NE
31099;Kearney;31;NE
31101;Keith;31;NE
31103;Keya Paha;31;NE
31105;Kimball;31;NE
31107;Knox;31;NE
31109;Lancaster;31;NE
31111;Lincoln;31;NE
31113;Logan;31;NE
31115;Loup;31;NE
31117;McPherson;31;NE
31119;Madison;31;NE
31121;Merrick;31;NE
31123;Morrill;31;NE
31125;Nance;31;NE
31127;Nemaha;31;NE
31129;Nuckolls;31;NE
31131;Otoe;31;NE
31133;Pawnee;31;NE
31135;Perkins;31;NE
31137;Phelps;31;NE
31139;Pierce;31;NE
31141;Platte;31;NE
31143;Polk;31;NE
31145;Red Willow;31;NE
31147;Richardson;31;NE
31149;Rock;31;NE
31151;Saline;31;NE
31153;Sarpy;31;NE
31155;Saunders;31;NE
31157;Scotts Bluff;31;NE
31159;Seward;31;NE
31161;Sheridan;31;NE
31163;Sherman;31;NE
31165;Sioux;31;NE
31167;Stanton;31;NE
31169;Thayer;31;NE
31171;Thomas;31;NE
31173;Thurston;31;NE
31175;Valley;31;NE
31177;Washington;31;NE
31179;Wayne;31;NE
31181;Webster;31;NE
31183;Wheeler;31;NE
31185;York;31;NE
32001;Churchill;32;NV
32003;Clark;32;NV
32005;Douglas;32;NV
32007;Elko;32;NV
32009;Esmeralda;32;NV
32011;Eureka;32;NV
32013;Humboldt;32;NV
32015;Lander;32;NV
32017;Lincoln;32;NV
32019;Lyon;32;NV
32021;Mineral;32;NV
32023;Nye;32;NV
32027;Pershing;32;NV
32029;Storey;32;NV
32031;Washoe;32;NV
32033;White Pine;32;NV
32510;Carson City;32;NV
33001;Belknap;33;NH
33003;Carroll;33;NH
33005;Cheshire;33;NH
33007;Coos;33;NH
33009;Grafton;33;NH
33011;Hillsborough;33;NH
33013;Merrimack;33;NH
33015;Rockingham;33;NH
33017;Strafford;33;NH
33019;Sullivan;33;NH
34001;Atlantic;34;NJ
34003;Bergen;34;NJ
34005;Burlington;34;NJ
34007;Camden;34;NJ
34009;Cape May;34;NJ
34011;Cumberland;34;NJ
34013;Essex;34;NJ
34015;Gloucester;34;NJ
34017;Hudson;34;NJ
34019;Hunterdon;34;NJ
34021;Mercer;34;NJ
34023;Middlesex;34;NJ
34025;Monmouth;34;NJ
34027;Morris;34;NJ
34029;Ocean;34;NJ
34031;Passaic;34;NJ
34033;Salem;34;NJ
34035;Somerset;34;NJ
34037;Sussex;34;NJ
34039;Union;34;NJ
34041;Warren;34;NJ
35001;Bernalillo;35;NM
35003;Catron;35;NM
35005;Chaves;35;NM
35006;Cibola;35;NM
35007;Colfax;35;NM
35009;Curry;35;NM
35011;De Baca;35;NM
35013;Dona Ana;35;NM
35015;Eddy;35;NM
35017;Grant;35;NM
35019;Guadalupe;35;NM
35021;Harding;35;NM
35023;Hidalgo;35;NM
35025;Lea;35;NM
35027;Lincoln;35;NM
35028;Los Alamos;35;NM
35029;Luna;35;NM
35031;McKinley;35;NM
35033;Mora;35;NM
35035;Otero;35;NM
35037;Quay;35;NM
35039;Rio Arriba;35;NM
35041;Roosevelt;35;NM
35043;Sandoval;35;NM
35045;San Juan;35;NM
35047;San Miguel;35;NM
35049;Santa Fe;35;NM
35051;Sierra;35;NM
35053;Socorro;35;NM
35055;Taos;35;NM
35057;Torrance;35;NM
35059;Union;35;NM
35061;Valencia;35;NM
36001;Albany;36;NY
36003;Allegany;36;NY
36005;Bronx;36;NY
36007;Broome;36;NY
36009;Cattaraugus;36;NY
36011;Cayuga;36;NY
36013;Chautauqua;36;NY
36015;Chemung;36;NY
36017;Chenango;36;NY
36019;Clinton;36;NY
36021;Columbia;36;NY
36023;Cortland;36;NY
36025;Delaware;36;NY
36027;Dutchess;36;NY
36029;Erie;36;NY
36031;Essex;36;NY
36033;Franklin;36;NY
36035;Fulton;36;NY
36037;Genesee;36;NY
36039;Greene;36;NY
36041;Hamilton;36;NY
36043;Herkimer;36;NY
36045;Jefferson;36;NY
36047;Kings;36;NY
36049;Lewis;36;NY
36051;Livingston;36;NY
36053;Madison;36;NY
36055;Monroe;36;NY
36057;Montgomery;36;NY
36059;Nassau;36;NY
36061;New York;36;NY
36063;Niagara;36;NY
36065;Oneida;36;NY
36067;Onondaga;36;NY
36069;Ontario;36;NY
36071;Orange;36;NY
36073;Orleans;36;NY
36075;Oswego;36;NY
36077;Otsego;36;NY
36079;Putnam;36;NY
36081;Queens;36;NY
36083;Rensselaer;36;NY
36085;Richmond;36;NY
36087;Rockland;36;NY
36089;St. Lawrence;36;NY
36091;Saratoga;36;NY
36093;Schenectady;36;NY
36095;Schoharie;36;NY
36097;Schuyler;36;NY
36099;Seneca;36;NY
36101;Steuben;36;NY
36103;Suffolk;36;NY
36105;Sullivan;36;NY
36107;Tioga;36;NY
36109;Tompkins;36;NY
36111;Ulster;36;NY
36113;Warren;36;NY
36115;Washington;36;NY
36117;Wayne;36;NY
36119;Westchester;36;NY
36121;Wyoming;36;NY
36123;Yates;36;NY
37001;Alamance;37;NC
37003;Alexander;37;NC
37005;Alleghany;37;NC
37007;Anson;37;NC
37009;Ashe;37;NC
37011;Avery;37;NC
37013;Beaufort;37;NC
37015;Bertie;37;NC
37017;Bladen;37;NC
37019;Brunswick;37;NC
37021;Buncombe;37;NC
37023;Burke;37;NC
37025;Cabarrus;37;NC
37027;Caldwell;37;NC
37029;Camden;37;NC
37031;Carteret;37;NC
37033;Caswell;37;NC
37035;Catawba;37;NC
37037;Chatham;37;NC
37039;Cherokee;37;NC
37041;Chowan;37;NC
37043;Clay;37;NC
37045;Cleveland;37;NC
37047;Columbus;37;NC
37049;Craven;37;NC
37051;Cumberland;37;NC
37053;Currituck;37;NC
37055;Dare;37;NC
37057;Davidson;37;NC
37059;Davie;37;NC
37061;Duplin;37;NC
37063;Durham;37;NC
37065;Edgecombe;37;NC
37067;Forsyth;37;NC
37069;Franklin;37;NC
37071;Gaston;37;NC
37073;Gates;37;NC
37075;Graham;37;NC
37077;Granville;37;NC
37079;Greene;37;NC
37081;Guilford;37;NC
37083;Halifax;37;NC
37085;Harnett;37;NC
37087;Haywood;37;NC
37089;Henderson;37;NC
37091;Hertford;37;NC
37093;Hoke;37;NC
37095;Hyde;37;NC
37097;Iredell;37;NC
37099;Jackson;37;NC
37101;Johnston;37;NC
37103;Jones;37;NC
37105;Lee;37;NC
37107;Lenoir;37;NC
37109;Lincoln;37;NC
37111;McDowell;37;NC
37113;Macon;37;NC
37115;Madison;37;NC
37117;Martin;37;NC
37119;Mecklenburg;37;NC
37121;Mitchell;37;NC
37123;Montgomery;37;NC
37125;Moore;37;NC
37127;Nash;37;NC
37129;New Hanover;37;NC
37131;Northampton;37;NC
37133;Onslow;37;NC
37135;Orange;37;NC
37137;Pamlico;37;NC
37139;Pasquotank;37;NC
37141;Pender;37;NC
37143;Perquimans;37;NC
37145;Person;37;NC
37147;Pitt;37;NC
37149;Polk;37;NC
37151;Randolph;37;NC
37153;Richmond;37;NC
37155;Robeson;37;NC
37157;Rockingham;37;NC
37159;Rowan;37;NC
37161;Rutherford;37;NC
37163;Sampson;37;NC
37165;Scotland;37;NC
37167;Stanly;37;NC
37169;Stokes;37;NC
37171;Surry;37;NC
37173;Swain;37;NC
37175;Transylvania;37;NC
37177;Tyrrell;37;NC
37179;Union;37;NC
37181;Vance;37;NC
37183;Wake;37;NC
37185;Warren;37;NC
37187;Washington;37;NC
37189;Watauga;37;NC
37191;Wayne;37;NC
37193;Wilkes;37;NC
37195;Wilson;37;NC
37197;Yadkin;37;NC
37199;Yancey;37;NC
38001;Adams;38;ND
38003;Barnes;38;ND
38005;Benson;38;ND
38007;Billings;38;ND
38009;Bottineau;38;ND
38011;Bowman;38;ND
38013;Burke;38;ND
38015;Burleigh;38;ND
38017;Cass;38;ND
38019;Cavalier;38;ND
38021;Dickey;38;ND
38023;Divide;38;ND
38025;Dunn;38;ND
38027;Eddy;38;ND
38029;Emmons;38;ND
38031;Foster;38;ND
38033;Golden Valley;38;ND
38035;Grand Forks;38;ND
38037;Grant;38;ND
38039;Griggs;38;ND
38041;Hettinger;38;ND
38043;Kidder;38;ND
38045;LaMoure;38;ND
38047;Logan;38;ND
38049;McHenry;38;ND
38051;McIntosh;38;ND
38053;McKenzie;38;ND
38055;McLean;38;ND
38057;Mercer;38;ND
38059;Morton;38;ND
38061;Mountrail;38;ND
38063;Nelson;38;ND
38065;Oliver;38;ND
38067;Pembina;38;ND
38069;Pierce;38;ND
38071;Ramsey;38;ND
38073;Ransom;38;ND
38075;Renville;38;ND
38077;Richland;38;ND
38079;Rolette;38;ND
38081;Sargent;38;ND
38083;Sheridan;38;ND
38085;Sioux;38;ND
38087;Slope;38;ND
38089;Stark;38;ND
38091;Steele;38;ND
38093;Stutsman;38;ND
38095;Towner;38;ND
38097;Traill;38;ND
38099;Walsh;38;ND
38101;Ward;38;ND
38103;Wells;38;ND
38105;Williams;38;ND
39001;Adams;39;OH
39003;Allen;39;OH
39005;Ashland;39;OH
39007;Ashtabula;39;OH
39009;Athens;39;OH
39011;Auglaize;39;OH
39013;Belmont;39;OH
39015;Brown;39;OH
39017;Butler;39;OH
39019;Carroll;39;OH
39021;Champaign;39;OH
39023;Clark;39;OH
39025;Clermont;39;OH
39027;Clinton;39;OH
39029;Columbiana;39;OH
39031;Coshocton;39;OH
39033;Crawford;39;OH
39035;Cuyahoga;39;OH
39037;Darke;39;OH
39039;Defiance;39;OH
39041;Delaware;39;OH
39043;Erie;39;OH
39045;Fairfield;39;OH
39047;Fayette;39;OH
39049;Franklin;39;OH
39051;Fulton;39;OH
39053;Gallia;39;OH
39055;Geauga;39;OH
39057;Greene;39;OH
39059;Guernsey;39;OH
39061;Hamilton;39;OH
39063;Hancock;39;OH
39065;Hardin;39;OH
39067;Harrison;39;OH
39069;Henry;39;OH
39071;Highland;39;OH
39073;Hocking;39;OH
39075;Holmes;39;OH
39077;Huron;39;OH
39079;Jackson;39;OH
39081;Jefferson;39;OH
39083;Knox;39;OH
39085;Lake;39;OH
39087;Lawrence;39;OH
39089;Licking;39;OH
39091;Logan;39;OH
39093;Lorain;39;OH
39095;Lucas;39;OH
39097;Madison;39;OH
39099;Mahoning;39;OH
39101;Marion;39;OH
39103;Medina;39;OH
39105;Meigs;39;OH
39107;Mercer;39;OH
39109;Miami;39;OH
39111;Monroe;39;OH
39113;Montgomery;39;OH
39115;Morgan;39;OH
39117;Morrow;39;OH
39119;Muskingum;39;OH
39121;Noble;39;OH
39123;Ottawa;39;OH
39125;Paulding;39;OH
39127;Perry;39;OH
39129;Pickaway;39;OH
39131;Pike;39;OH
39133;Portage;39;OH
39135;Preble;39;OH
39137;Putnam;39;OH
39139;Richland;39;OH
39141;Ross;39;OH
39143;Sandusky;39;OH
39145;Scioto;39;OH
39147;Seneca;39;OH
39149;Shelby;39;OH
39151;Stark;39;OH
39153;Summit;39;OH
39155;Trumbull;39;OH
39157;Tuscarawas;39;OH
39159;Union;39;OH
39161;Van Wert;39;OH
39163;Vinton;39;OH
39165;Warren;39;OH
39167;Washington;39;OH
40001;Adair;40;OK
40003;Alfalfa;40;OK
40005;Atoka;40;OK
40007;Beaver;40;OK
40009;Beckham;40;OK
40011;Blaine;40;OK
40013;Bryan;40;OK
40015;Caddo;40;OK
40017;Canadian;40;OK
40019;Carter;40;OK
40021;Cherokee;40;OK
40023;Choctaw;40;OK
40025;Cimarron;40;OK
40027;Cleveland;40;OK
40029;Coal;40;OK
40031;Comanche;40;OK
40033;Cotton;40;OK
40035;Craig;40;OK
40037;Creek;40;OK
40039;Custer;40;OK
40041;Delaware;40;OK
40043;Dewey;40;OK
40045;Ellis;40;OK
40047;Garfield;40;OK
40049;Garvin;40;OK
40051;Grady;40;OK
40053;Grant;40;OK
40055;Greer;40;OK
40057;Harmon;40;OK
40059;Harper;40;OK
40061;Haskell;40;OK
40063;Hughes;40;OK
40065;Jackson;40;OK
40067;Jefferson;40;OK
40069;Johnston;40;OK
40071;Kay;40;OK
40073;Kingfisher;40;OK
40075;Kiowa;40;OK
40077;Latimer;40;OK
40079;Le Flore;40;OK
40081;Lincoln;40;OK
40083;Logan;40;OK
40085;Love;40;OK
40087;McClain;40;OK
40089;McCurtain;40;OK
40091;McIntosh;40;OK
40093;Major;40;OK
40095;Marshall;40;OK
40097;Mayes;40;OK
40099;Murray;40;OK
40101;Muskogee;40;OK
40103;Noble;40;OK
40105;Nowata;40;OK
40107;Okfuskee;40;OK
40109;Oklahoma;40;OK
40111;Okmulgee;40;OK
40113;Osage;40;OK
40115;Ottawa;40;OK
40117;Pawnee;40;OK
40119;Payne;40;OK
40121;Pittsburg;40;OK
40123;Pontotoc;40;OK
40125;Pottawatomie;40;OK
40127;Pushmataha;40;OK
40129;Roger Mills;40;OK
40131;Rogers;40;OK
40133;Seminole;40;OK
40135;Sequoyah;40;OK
40137;Stephens;40;OK
40139;Texas;40;OK
40141;Tillman;40;OK
40143;Tulsa;40;OK
40145;Wagoner;40;OK
40147;Washington;40;OK
40149;Washita;40;OK
40151;Woods;40;OK
40153;Woodward;40;OK
41001;Baker;41;OR
41003;Benton;41;OR
41005;Clackamas;41;OR
41007;Clatsop;41;OR
41009;Columbia;41;OR
41011;Coos;41;OR
41013;Crook;41;OR
41015;Curry;41;OR
41017;Deschutes;41;OR
41019;Douglas;41;OR
41021;Gilliam;41;OR
41023;Grant;41;OR
41025;Harney;41;OR
41027;Hood River;41;OR
41029;Jackson;41;OR
41031;Jefferson;41;OR
41033;Josephine;41;OR
41035;Klamath;41;OR
41037;Lake;41;OR
41039;Lane;41;OR
41041;Lincoln;41;OR
41043;Linn;41;OR
41045;Malheur;41;OR
41047;Marion;41;OR
41049;Morrow;41;OR
41051;Multnomah;41;OR
41053;Polk;41;OR
41055;Sherman;41;OR
41057;Tillamook;41;OR
41059;Umatilla;41;OR
41061;Union;41;OR
41063;Wallowa;41;OR
41065;Wasco;41;OR
41067;Washington;41;OR
41069;Wheeler;41;OR
41071;Yamhill;41;OR
42001;Adams;42;PA
42003;Allegheny;42;PA
42005;Armstrong;42;PA
42007;Beaver;42;PA
42009;Bedford;42;PA
42011;Berks;42;PA
42013;Blair;42;PA
42015;Bradford;42;PA
42017;Bucks;42;PA
42019;Butler;42;PA
42021;Cambria;42;PA
42023;Cameron;42;PA
42025;Carbon;42;PA
42027;Centre;42;PA
42029;Chester;42;PA
42031;Clarion;42;PA
42033;Clearfield;42;PA
42035;Clinton;42;PA
42037;Columbia;42;PA
42039;Crawford;42;PA
42041;Cumberland;42;PA
42043;Dauphin;42;PA
42045;Delaware;42;PA
42047;Elk;42;PA
42049;Erie;42;PA
42051;Fayette;42;PA
42053;Forest;42;PA
42055;Franklin;42;PA
42057;Fulton;42;PA
42059;Greene;42;PA
42061;Huntingdon;42;PA
42063;Indiana;42;PA
42065;Jefferson;42;PA
42067;Juniata;42;PA
42069;Lackawanna;42;PA
42071;Lancaster;42;PA
42073;Lawrence;42;PA
42075;Lebanon;42;PA
42077;Lehigh;42;PA
42079;Luzerne;42;PA
42081;Lycoming;42;PA
42083;McKean;42;PA
42085;Mercer;42;PA
42087;Mifflin;42;PA
42089;Monroe;42;PA
42091;Montgomery;42;PA
42093;Montour;42;PA
42095;Northampton;42;PA
42097;Northumberland;42;PA
42099;Perry;42;PA
42101;Philadelphia;42;PA
42103;Pike;42;PA
42105;Potter;42;PA
42107;Schuylkill;42;PA
42109;Snyder;42;PA
42111;Somerset;42;PA
42113;Sullivan;42;PA
42115;Susquehanna;42;PA
42117;Tioga;42;PA
42119;Union;42;PA
42121;Venango;42;PA
42123;Warren;42;PA
42125;Washington;42;PA
42127;Wayne;42;PA
42129;Westmoreland;42;PA
42131;Wyoming;42;PA
42133;York;42;PA
44001;Bristol;44;RI
44003;Kent;44;RI
44005;Newport;44;RI
44007;Providence;44;RI
44009;Washington;44;RI
45001;Abbeville;45;SC
45003;Aiken;45;SC
45005;Allendale;45;SC
45007;Anderson;45;SC
45009;Bamberg;45;SC
45011;Barnwell;45;SC
45013;Beaufort;45;SC
45015;Berkeley;45;SC
45017;Calhoun;45;SC
45019;Charleston;45;SC
45021;Cherokee;45;SC
45023;Chester;45;SC
45025;Chesterfield;45;SC
45027;Clarendon;45;SC
45029;Colleton;45;SC
45031;Darlington;45;SC
45033;Dillon;45;SC
45035;Dorchester;45;SC
45037;Edgefield;45;SC
45039;Fairfield;45;SC
45041;Florence;45;SC
45043;Georgetown;45;SC
45045;Greenville;45;SC
45047;Greenwood;45;SC
45049;Hampton;45;SC
45051;Horry;45;SC
45053;Jasper;45;SC
45055;Kershaw;45;SC
45057;Lancaster;45;SC
45059;Laurens;45;SC
45061;Lee;45;SC
45063;Lexington;45;SC
45065;McCormick;45;SC
45067;Marion;45;SC
45069;Marlboro;45;SC
45071;Newberry;45;SC
45073;Oconee;45;SC
45075;Orangeburg;45;SC
45077;Pickens;45;SC
45079;Richland;45;SC
45081;Saluda;45;SC
45083;Spartanburg;45;SC
45085;Sumter;45;SC
45087;Union;45;SC
45089;Williamsburg;45;SC
45091;York;45;SC
46003;Aurora;46;SD
46005;Beadle;46;SD
46007;Bennett;46;SD
46009;Bon Homme;46;SD
46011;Brookings;46;SD
46013;Brown;46;SD
46015;Brule;46;SD
46017;Buffalo;46;SD
46019;Butte;46;SD
46021;Campbell;46;SD
46023;Charles Mix;46;SD
46025;Clark;46;SD
46027;Clay;46;SD
46029;Codington;46;SD
46031;Corson;46;SD
46033;Custer;46;SD
46035;Davison;46;SD
46037;Day;46;SD
46039;Deuel;46;SD
46041;Dewey;46;SD
46043;Douglas;46;SD
46045;Edmunds;46;SD
46047;Fall River;46;SD
46049;Faulk;46;SD
46051;Grant;46;SD
46053;Gregory;46;SD
46055;Haakon;46;SD
46057;Hamlin;46;SD
46059;Hand;46;SD
46061;Hanson;46;SD
46063;Harding;46;SD
46065;Hughes;46;SD
46067;Hutchinson;46;SD
46069;Hyde;46;SD
46071;Jackson;46;SD
46073;Jerauld;46;SD
46075;Jones;46;SD
46077;Kingsbury;46;SD
46079;Lake;46;SD
46081;Lawrence;46;SD
46083;Lincoln;46;SD
46085;Lyman;46;SD
46087;McCook;46;SD
46089;McPherson;46;SD
46091;Marshall;46;SD
46093;Meade;46;SD
46095;Mellette;46;SD
46097;Miner;46;SD
46099;Minnehaha;46;SD
46101;Moody;46;SD
46103;Pennington;46;SD
46105;Perkins;46;SD
46107;Potter;46;SD
46109;Roberts;46;SD
46111;Sanborn;46;SD
46113;Shannon;46;SD
46115;Spink;46;SD
46117;Stanley;46;SD
46119;Sully;46;SD
46121;Todd;46;SD
46123;Tripp;46;SD
46125;Turner;46;SD
46127;Union;46;SD
46129;Walworth;46;SD
46135;Yankton;46;SD
46137;Ziebach;46;SD
47001;Anderson;47;TN
47003;Bedford;47;TN
47005;Benton;47;TN
47007;Bledsoe;47;TN
47009;Blount;47;TN
47011;Bradley;47;TN
47013;Campbell;47;TN
47015;Cannon;47;TN
47017;Carroll;47;TN
47019;Carter;47;TN
47021;Cheatham;47;TN
47023;Chester;47;TN
47025;Claiborne;47;TN
47027;Clay;47;TN
47029;Cocke;47;TN
47031;Coffee;47;TN
47033;Crockett;47;TN
47035;Cumberland;47;TN
47037;Davidson;47;TN
47039;Decatur;47;TN
47041;DeKalb;47;TN
47043;Dickson;47;TN
47045;Dyer;47;TN
47047;Fayette;47;TN
47049;Fentress;47;TN
47051;Franklin;47;TN
47053;Gibson;47;TN
47055;Giles;47;TN
47057;Grainger;47;TN
47059;Greene;47;TN
47061;Grundy;47;TN
47063;Hamblen;47;TN
47065;Hamilton;47;TN
47067;Hancock;47;TN
47069;Hardeman;47;TN
47071;Hardin;47;TN
47073;Hawkins;47;TN
47075;Haywood;47;TN
47077;Henderson;47;TN
47079;Henry;47;TN
47081;Hickman;47;TN
47083;Houston;47;TN
47085;Humphreys;47;TN
47087;Jackson;47;TN
47089;Jefferson;47;TN
47091;Johnson;47;TN
47093;Knox;47;TN
47095;Lake;47;TN
47097;Lauderdale;47;TN
47099;Lawrence;47;TN
47101;Lewis;47;TN
47103;Lincoln;47;TN
47105;Loudon;47;TN
47107;McMinn;47;TN
47109;McNairy;47;TN
47111;Macon;47;TN
47113;Madison;47;TN
47115;Marion;47;TN
47117;Marshall;47;TN
47119;Maury;47;TN
47121;Meigs;47;TN
47123;Monroe;47;TN
47125;Montgomery;47;TN
47127;Moore;47;TN
47129;Morgan;47;TN
47131;Obion;47;TN
47133;Overton;47;TN
47135;Perry;47;TN
47137;Pickett;47;TN
47139;Polk;47;TN
47141;Putnam;47;TN
47143;Rhea;47;TN
47145;Roane;47;TN
47147;Robertson;47;TN
47149;Rutherford;47;TN
47151;Scott;47;TN
47153;Sequatchie;47;TN
47155;Sevier;47;TN
47157;Shelby;47;TN
47159;Smith;47;TN
47161;Stewart;47;TN
47163;Sullivan;47;TN
47165;Sumner;47;TN
47167;Tipton;47;TN
47169;Trousdale;47;TN
47171;Unicoi;47;TN
47173;Union;47;TN
47175;Van Buren;47;TN
47177;Warren;47;TN
47179;Washington;47;TN
47181;Wayne;47;TN
47183;Weakley;47;TN
47185;White;47;TN
47187;Williamson;47;TN
47189;Wilson;47;TN
48001;Anderson;48;TX
48003;Andrews;48;TX
48005;Angelina;48;TX
48007;Aransas;48;TX
48009;Archer;48;TX
48011;Armstrong;48;TX
48013;Atascosa;48;TX
48015;Austin;48;TX
48017;Bailey;48;TX
48019;Bandera;48;TX
48021;Bastrop;48;TX
48023;Baylor;48;TX
48025;Bee;48;TX
48027;Bell;48;TX
48029;Bexar;48;TX
48031;Blanco;48;TX
48033;Borden;48;TX
48035;Bosque;48;TX
48037;Bowie;48;TX
48039;Brazoria;48;TX
48041;Brazos;48;TX
48043;Brewster;48;TX
48045;Briscoe;48;TX
48047;Brooks;48;TX
48049;Brown;48;TX
48051;Burleson;48;TX
48053;Burnet;48;TX
48055;Caldwell;48;TX
48057;Calhoun;48;TX
48059;Callahan;48;TX
48061;Cameron;48;TX
48063;Camp;48;TX
48065;Carson;48;TX
48067;Cass;48;TX
48069;Castro;48;TX
48071;Chambers;48;TX
48073;Cherokee;48;TX
48075;Childress;48;TX
48077;Clay;48;TX
48079;Cochran;48;TX
48081;Coke;48;TX
48083;Coleman;48;TX
48085;Collin;48;TX
48087;Collingsworth;48;TX
48089;Colorado;48;TX
48091;Comal;48;TX
48093;Comanche;48;TX
48095;Concho;48;TX
48097;Cooke;48;TX
48099;Coryell;48;TX
48101;Cottle;48;TX
48103;Crane;48;TX
48105;Crockett;48;TX
48107;Crosby;48;TX
48109;Culberson;48;TX
48111;Dallam;48;TX
48113;Dallas;48;TX
48115;Dawson;48;TX
48117;Deaf Smith;48;TX
48119;Delta;48;TX
48121;Denton;48;TX
48123;DeWitt;48;TX
48125;Dickens;48;TX
48127;Dimmit;48;TX
48129;Donley;48;TX
48131;Duval;48;TX
48133;Eastland;48;TX
48135;Ector;48;TX
48137;Edwards;48;TX
48139;Ellis;48;TX
48141;El Paso;48;TX
48143;Erath;48;TX
48145;Falls;48;TX
48147;Fannin;48;TX
48149;Fayette;48;TX
48151;Fisher;48;TX
48153;Floyd;48;TX
48155;Foard;48;TX
48157;Fort Bend;48;TX
48159;Franklin;48;TX
48161;Freestone;48;TX
48163;Frio;48;TX
48165;Gaines;48;TX
48167;Galveston;48;TX
48169;Garza;48;TX
48171;Gillespie;48;TX
48173;Glasscock;48;TX
48175;Goliad;48;TX
48177;Gonzales;48;TX
48179;Gray;48;TX
48181;Grayson;48;TX
48183;Gregg;48;TX
48185;Grimes;48;TX
48187;Guadalupe;48;TX
48189;Hale;48;TX
48191;Hall;48;TX
48193;Hamilton;48;TX
48195;Hansford;48;TX
48197;Hardeman;48;TX
48199;Hardin;48;TX
48201;Harris;48;TX
48203;Harrison;48;TX
48205;Hartley;48;TX
48207;Haskell;48;TX
48209;Hays;48;TX
48211;Hemphill;48;TX
48213;Henderson;48;TX
48215;Hidalgo;48;TX
48217;Hill;48;TX
48219;Hockley;48;TX
48221;Hood;48;TX
48223;Hopkins;48;TX
48225;Houston;48;TX
48227;Howard;48;TX
48229;Hudspeth;48;TX
48231;Hunt;48;TX
48233;Hutchinson;48;TX
48235;Irion;48;TX
48237;Jack;48;TX
48239;Jackson;48;TX
48241;Jasper;48;TX
48243;Jeff Davis;48;TX
48245;Jefferson;48;TX
48247;Jim Hogg;48;TX
48249;Jim Wells;48;TX
48251;Johnson;48;TX
48253;Jones;48;TX
48255;Karnes;48;TX
48257;Kaufman;48;TX
48259;Kendall;48;TX
48261;Kenedy;48;TX
48263;Kent;48;TX
48265;Kerr;48;TX
48267;Kimble;48;TX
48269;King;48;TX
48271;Kinney;48;TX
48273;Kleberg;48;TX
48275;Knox;48;TX
48277;Lamar;48;TX
48279;Lamb;48;TX
48281;Lampasas;48;TX
48283;La Salle;48;TX
48285;Lavaca;48;TX
48287;Lee;48;TX
48289;Leon;48;TX
48291;Liberty;48;TX
48293;Limestone;48;TX
48295;Lipscomb;48;TX
48297;Live Oak;48;TX
48299;Llano;48;TX
48301;Loving;48;TX
48303;Lubbock;48;TX
48305;Lynn;48;TX
48307;McCulloch;48;TX
48309;McLennan;48;TX
48311;McMullen;48;TX
48313;Madison;48;TX
48315;Marion;48;TX
48317;Martin;48;TX
48319;Mason;48;TX
48321;Matagorda;48;TX
48323;Maverick;48;TX
48325;Medina;48;TX
48327;Menard;48;TX
48329;Midland;48;TX
48331;Milam;48;TX
48333;Mills;48;TX
48335;Mitchell;48;TX
48337;Montague;48;TX
48339;Montgomery;48;TX
48341;Moore;48;TX
48343;Morris;48;TX
48345;Motley;48;TX
48347;Nacogdoches;48;TX
48349;Navarro;48;TX
48351;Newton;48;TX
48353;Nolan;48;TX
48355;Nueces;48;TX
48357;Ochiltree;48;TX
48359;Oldham;48;TX
48361;Orange;48;TX
48363;Palo Pinto;48;TX
48365;Panola;48;TX
48367;Parker;48;TX
48369;Parmer;48;TX
48371;Pecos;48;TX
48373;Polk;48;TX
48375;Potter;48;TX
48377;Presidio;48;TX
48379;Rains;48;TX
48381;Randall;48;TX
48383;Reagan;48;TX
48385;Real;48;TX
48387;Red River;48;TX
48389;Reeves;48;TX
48391;Refugio;48;TX
48393;Roberts;48;TX
48395;Robertson;48;TX
48397;Rockwall;48;TX
48399;Runnels;48;TX
48401;Rusk;48;TX
48403;Sabine;48;TX
48405;San Augustine;48;TX
48407;San Jacinto;48;TX
48409;San Patricio;48;TX
48411;San Saba;48;TX
48413;Schleicher;48;TX
48415;Scurry;48;TX
48417;Shackelford;48;TX
48419;Shelby;48;TX
48421;Sherman;48;TX
48423;Smith;48;TX
48425;Somervell;48;TX
48427;Starr;48;TX
48429;Stephens;48;TX
48431;Sterling;48;TX
48433;Stonewall;48;TX
48435;Sutton;48;TX
48437;Swisher;48;TX
48439;Tarrant;48;TX
48441;Taylor;48;TX
48443;Terrell;48;TX
48445;Terry;48;TX
48447;Throckmorton;48;TX
48449;Titus;48;TX
48451;Tom Green;48;TX
48453;Travis;48;TX
48455;Trinity;48;TX
48457;Tyler;48;TX
48459;Upshur;48;TX
48461;Upton;48;TX
48463;Uvalde;48;TX
48465;Val Verde;48;TX
48467;Van Zandt;48;TX
48469;Victoria;48;TX
48471;Walker;48;TX
48473;Waller;48;TX
48475;Ward;48;TX
48477;Washington;48;TX
48479;Webb;48;TX
48481;Wharton;48;TX
48483;Wheeler;48;TX
48485;Wichita;48;TX
48487;Wilbarger;48;TX
48489;Willacy;48;TX
48491;Williamson;48;TX
48493;Wilson;48;TX
48495;Winkler;48;TX
48497;Wise;48;TX
48499;Wood;48;TX
48501;Yoakum;48;TX
48503;Young;48;TX
48505;Zapata;48;TX
48507;Zavala;48;TX
49001;Beaver;49;UT
49003;Box Elder;49;UT
49005;Cache;49;UT
49007;Carbon;49;UT
49009;Daggett;49;UT
49011;Davis;49;UT
49013;Duchesne;49;UT
49015;Emery;49;UT
49017;Garfield;49;UT
49019;Grand;49;UT
49021;Iron;49;UT
49023;Juab;49;UT
49025;Kane;49;UT
49027;Millard;49;UT
49029;Morgan;49;UT
49031;Piute;49;UT
49033;Rich;49;UT
49035;Salt Lake;49;UT
49037;San Juan;49;UT
49039;Sanpete;49;UT
49041;Sevier;49;UT
49043;Summit;49;UT
49045;Tooele;49;UT
49047;Uintah;49;UT
49049;Utah;49;UT
49051;Wasatch;49;UT
49053;Washington;49;UT
49055;Wayne;49;UT
49057;Weber;49;UT
50001;Addison;50;VT
50003;Bennington;50;VT
50005;Caledonia;50;VT
50007;Chittenden;50;VT
50009;Essex;50;VT
50011;Franklin;50;VT
50013;Grand Isle;50;VT
50015;Lamoille;50;VT
50017;Orange;50;VT
50019;Orleans;50;VT
50021;Rutland;50;VT
50023;Washington;50;VT
50025;Windham;50;VT
50027;Windsor;50;VT
51001;Accomack;51;VA
51003;Albemarle;51;VA
51005;Alleghany;51;VA
51007;Amelia;51;VA
51009;Amherst;51;VA
51011;Appomattox;51;VA
51013;Arlington;51;VA
51015;Augusta;51;VA
51017;Bath;51;VA
51019;Bedford;51;VA
51021;Bland;51;VA
51023;Botetourt;51;VA
51025;Brunswick;51;VA
51027;Buchanan;51;VA
51029;Buckingham;51;VA
51031;Campbell;51;VA
51033;Caroline;51;VA
51035;Carroll;51;VA
51036;Charles City;51;VA
51037;Charlotte;51;VA
51041;Chesterfield;51;VA
51043;Clarke;51;VA
51045;Craig;51;VA
51047;Culpeper;51;VA
51049;Cumberland;51;VA
51051;Dickenson;51;VA
51053;Dinwiddie;51;VA
51057;Essex;51;VA
51059;Fairfax;51;VA
51061;Fauquier;51;VA
51063;Floyd;51;VA
51065;Fluvanna;51;VA
51067;Franklin;51;VA
51069;Frederick;51;VA
51071;Giles;51;VA
51073;Gloucester;51;VA
51075;Goochland;51;VA
51077;Grayson;51;VA
51079;Greene;51;VA
51081;Greensville;51;VA
51083;Halifax;51;VA
51085;Hanover;51;VA
51087;Henrico;51;VA
51089;Henry;51;VA
51091;Highland;51;VA
51093;Isle of Wight;51;VA
51095;James City;51;VA
51097;King and Queen;51;VA
51099;King George;51;VA
51101;King William;51;VA
51103;Lancaster;51;VA
51105;Lee;51;VA
51107;Loudoun;51;VA
51109;Louisa;51;VA
51111;Lunenburg;51;VA
51113;Madison;51;VA
51115;Mathews;51;VA
51117;Mecklenburg;51;VA
51119;Middlesex;51;VA
51121;Montgomery;51;VA
51125;Nelson;51;VA
51127;New Kent;51;VA
51131;Northampton;51;VA
51133;Northumberland;51;VA
51135;Nottoway;51;VA
51137;Orange;51;VA
51139;Page;51;VA
51141;Patrick;51;VA
51143;Pittsylvania;51;VA
51145;Powhatan;51;VA
51147;Prince Edward;51;VA
51149;Prince George;51;VA
51153;Prince William;51;VA
51155;Pulaski;51;VA
51157;Rappahannock;51;VA
51159;Richmond;51;VA
51161;Roanoke;51;VA
51163;Rockbridge;51;VA
51165;Rockingham;51;VA
51167;Russell;51;VA
51169;Scott;51;VA
51171;Shenandoah;51;VA
51173;Smyth;51;VA
51175;Southampton;51;VA
51177;Spotsylvania;51;VA
51179;Stafford;51;VA
51181;Surry;51;VA
51183;Sussex;51;VA
51185;Tazewell;51;VA
51187;Warren;51;VA
51191;Washington;51;VA
51193;Westmoreland;51;VA
51195;Wise;51;VA
51197;Wythe;51;VA
51199;York;51;VA
51510;Alexandria city;51;VA
51515;Bedford city;51;VA
51520;Bristol city;51;VA
51530;Buena Vista city;51;VA
51540;Charlottesville city;51;VA
51550;Chesapeake city;51;VA
51570;Colonial Heights city;51;VA
51580;Covington city;51;VA
51590;Danville city;51;VA
51595;Emporia city;51;VA
51600;Fairfax city;51;VA
51610;Falls Church city;51;VA
51620;Franklin city;51;VA
51630;Fredericksburg city;51;VA
51640;Galax city;51;VA
51650;Hampton city;51;VA
51660;Harrisonburg city;51;VA
51670;Hopewell city;51;VA
51678;Lexington city;51;VA
51680;Lynchburg city;51;VA
51683;Manassas city;51;VA
51685;Manassas Park city;51;VA
51690;Martinsville city;51;VA
51700;Newport News city;51;VA
51710;Norfolk city;51;VA
51720;Norton city;51;VA
51730;Petersburg city;51;VA
51735;Poquoson city;51;VA
51740;Portsmouth city;51;VA
51750;Radford city;51;VA
51760;Richmond city;51;VA
51770;Roanoke city;51;VA
51775;Salem city;51;VA
51790;Staunton city;51;VA
51800;Suffolk city;51;VA
51810;Virginia Beach city;51;VA
51820;Waynesboro city;51;VA
51830;Williamsburg city;51;VA
51840;Winchester city;51;VA
53001;Adams;53;WA
53003;Asotin;53;WA
53005;Benton;53;WA
53007;Chelan;53;WA
53009;Clallam;53;WA
53011;Clark;53;WA
53013;Columbia;53;WA
53015;Cowlitz;53;WA
53017;Douglas;53;WA
53019;Ferry;53;WA
53021;Franklin;53;WA
53023;Garfield;53;WA
53025;Grant;53;WA
53027;Grays Harbor;53;WA
53029;Island;53;WA
53031;Jefferson;53;WA
53033;King;53;WA
53035;Kitsap;53;WA
53037;Kittitas;53;WA
53039;Klickitat;53;WA
53041;Lewis;53;WA
53043;Lincoln;53;WA
53045;Mason;53;WA
53047;Okanogan;53;WA
53049;Pacific;53;WA
53051;Pend Oreille;53;WA
53053;Pierce;53;WA
53055;San Juan;53;WA
53057;Skagit;53;WA
53059;Skamania;53;WA
53061;Snohomish;53;WA
53063;Spokane;53;WA
53065;Stevens;53;WA
53067;Thurston;53;WA
53069;Wahkiakum;53;WA
53071;Walla Walla;53;WA
53073;Whatcom;53;WA
53075;Whitman;53;WA
53077;Yakima;53;WA
54001;Barbour;54;WV
54003;Berkeley;54;WV
54005;Boone;54;WV
54007;Braxton;54;WV
54009;Brooke;54;WV
54011;Cabell;54;WV
54013;Calhoun;54;WV
54015;Clay;54;WV
54017;Doddridge;54;WV
54019;Fayette;54;WV
54021;Gilmer;54;WV
54023;Grant;54;WV
54025;Greenbrier;54;WV
54027;Hampshire;54;WV
54029;Hancock;54;WV
54031;Hardy;54;WV
54033;Harrison;54;WV
54035;Jackson;54;WV
54037;Jefferson;54;WV
54039;Kanawha;54;WV
54041;Lewis;54;WV
54043;Lincoln;54;WV
54045;Logan;54;WV
54047;McDowell;54;WV
54049;Marion;54;WV
54051;Marshall;54;WV
54053;Mason;54;WV
54055;Mercer;54;WV
54057;Mineral;54;WV
54059;Mingo;54;WV
54061;Monongalia;54;WV
54063;Monroe;54;WV
54065;Morgan;54;WV
54067;Nicholas;54;WV
54069;Ohio;54;WV
54071;Pendleton;54;WV
54073;Pleasants;54;WV
54075;Pocahontas;54;WV
54077;Preston;54;WV
54079;Putnam;54;WV
54081;Raleigh;54;WV
54083;Randolph;54;WV
54085;Ritchie;54;WV
54087;Roane;54;WV
54089;Summers;54;WV
54091;Taylor;54;WV
54093;Tucker;54;WV
54095;Tyler;54;WV
54097;Upshur;54;WV
54099;Wayne;54;WV
54101;Webster;54;WV
54103;Wetzel;54;WV
54105;Wirt;54;WV
54107;Wood;54;WV
54109;Wyoming;54;WV
55001;Adams;55;WI
55003;Ashland;55;WI
55005;Barron;55;WI
55007;Bayfield;55;WI
55009;Brown;55;WI
55011;Buffalo;55;WI
55013;Burnett;55;WI
55015;Calumet;55;WI
55017;Chippewa;55;WI
55019;Clark;55;WI
55021;Columbia;55;WI
55023;Crawford;55;WI
55025;Dane;55;WI
55027;Dodge;55;WI
55029;Door;55;WI
55031;Douglas;55;WI
55033;Dunn;55;WI
55035;Eau Claire;55;WI
55037;Florence;55;WI
55039;Fond du Lac;55;WI
55041;Forest;55;WI
55043;Grant;55;WI
55045;Green;55;WI
55047;Green Lake;55;WI
55049;Iowa;55;WI
55051;Iron;55;WI
55053;Jackson;55;WI
55055;Jefferson;55;WI
55057;Juneau;55;WI
55059;Kenosha;55;WI
55061;Kewaunee;55;WI
55063;La Crosse;55;WI
55065;Lafayette;55;WI
55067;Langlade;55;WI
55069;Lincoln;55;WI
55071;Manitowoc;55;WI
55073;Marathon;55;WI
55075;Marinette;55;WI
55077;Marquette;55;WI
55078;Menominee;55;WI
55079;Milwaukee;55;WI
55081;Monroe;55;WI
55083;Oconto;55;WI
55085;Oneida;55;WI
55087;Outagamie;55;WI
55089;Ozaukee;55;WI
55091;Pepin;55;WI
55093;Pierce;55;WI
55095;Polk;55;WI
55097;Portage;55;WI
55099;Price;55;WI
55101;Racine;55;WI
55103;Richland;55;WI
55105;Rock;55;WI
55107;Rusk;55;WI
55109;St. Croix;55;WI
55111;Sauk;55;WI
55113;Sawyer;55;WI
55115;Shawano;55;WI
55117;Sheboygan;55;WI
55119;Taylor;55;WI
55121;Trempealeau;55;WI
55123;Vernon;55;WI
55125;Vilas;55;WI
55127;Walworth;55;WI
55129;Washburn;55;WI
55131;Washington;55;WI
55133;Waukesha;55;WI
55135;Waupaca;55;WI
55137;Waushara;55;WI
55139;Winnebago;55;WI
55141;Wood;55;WI
56001;Albany;56;WY
56003;Big Horn;56;WY
56005;Campbell;56;WY
56007;Carbon;56;WY
56009;Converse;56;WY
56011;Crook;56;WY
56013;Fremont;56;WY
56015;Goshen;56;WY
56017;Hot Springs;56;WY
56019;Johnson;56;WY
56021;Laramie;56;WY
56023;Lincoln;56;WY
56025;Natrona;56;WY
56027;Niobrara;56;WY
56029;Park;56;WY
56031;Platte;56;WY
56033;Sheridan;56;WY
56035;Sublette;56;WY
56037;Sweetwater;56;WY
56039;Teton;56;WY
56041;Uinta;56;WY
56043;Washakie;56;WY
56045;Weston;56;WY
